contractcode,income,tenor,dependents,midoverdue,riskrating,age,empyear,asset,debt
AGR-000001,295,48,5,76,4,55,12,892.92662829661,4.69837073767558
AGR-000011,271,36,5,76,4,53,10,905.82247290185,4.06385167970633
AGR-000030,159,12,0,0,1,35,5,551.7260913594,0.05
AGR-000043,210,12,3,53,3,45,7,791.112404988874,0.721383957262151
AGR-000049,165,36,0,38,2,36,5,592.650129817144,0.0666666666666667
AGR-000063,220,24,5,15,1,45,8,778.049309637874,2.59791099170689
AGR-000068,70,36,3,38,2,21,1,259.637326034943,3.35379661374415
AGR-000075,88,48,3,38,2,24,1,397.439439279229,1.67388470775137
AGR-000081,163,48,5,38,2,35,6,495.741356792184,3.86153776852104
AGR-000094,100,36,6,38,2,26,2,353.006893430227,1.76065825462962
AGR-000110,166,12,0,38,2,36,5,576.460549933535,0.0666666666666667
AGR-000127,163,36,0,38,2,36,5,571.846368513238,0.0666666666666667
AGR-000136,162,48,5,38,2,35,5,552.667649873148,2.17557431984072
AGR-000142,198,36,4,38,2,43,7,745.244209487965,2.35233870117615
AGR-000148,116,36,4,38,2,28,3,450.156011063154,4.19692548364401
AGR-000158,90,36,3,38,2,24,2,336.680748084679,2.80894917372304
AGR-000173,167,36,3,15,1,36,6,561.530670383558,0.783144661597908
AGR-000186,208,36,0,15,1,44,7,755.129050766472,0.05
AGR-000192,121,12,0,15,1,28,4,381.714241785164,0.05
AGR-000203,162,48,0,38,2,39,4,743.134042645104,0.0666666666666667
AGR-000211,166,24,5,38,2,36,6,540.638531566433,3.79347064161363
AGR-000224,84,12,3,38,2,24,1,355.090545889238,2.96772127930696
AGR-000240,156,24,4,15,1,35,5,559.432980728645,2.29572505350225
AGR-000247,184,24,6,15,1,40,6,716.153222903617,4.61914169313386
AGR-000262,166,12,0,15,1,35,6,528.406532635337,0.05
AGR-000267,117,12,0,15,1,28,3,399.350641709135,0.05
AGR-000275,140,12,0,38,2,31,4,447.584491484875,0.0666666666666667
AGR-000281,103,36,5,38,2,27,2,388.893643411011,5.98570605578522
AGR-000294,90,24,6,38,2,23,2,295.902174192008,4.63980166480566
AGR-000306,144,12,0,38,2,33,4,533.789471476475,0.0666666666666667
AGR-000322,178,12,6,38,2,38,6,606.890893028919,4.17779222164924
AGR-000333,129,12,0,38,2,32,3,577.350727620809,0.0666666666666667
AGR-000352,166,36,1,38,2,36,5,559.551842226315,0.575009843551864
AGR-000370,151,48,1,38,2,34,5,525.604891106177,1.34193309618471
AGR-000385,174,24,4,38,2,37,6,522.968754110461,3.85605563788364
AGR-000403,111,48,6,38,2,27,3,392.690420233907,7.22651356250669
AGR-000415,123,24,5,38,2,30,3,468.248822541074,1.54257921945925
AGR-000432,155,12,0,38,2,35,5,570.342554682573,0.0666666666666667
AGR-000438,193,24,5,15,1,42,6,736.811324559895,5.00042964885943
AGR-000454,189,36,3,38,2,41,6,722.684090638681,0.761764372947315
AGR-000471,98,48,6,38,2,25,2,384.02016731538,2.97968666205803
AGR-000490,204,36,1,15,1,45,6,854.126755832937,0.921864519326482
AGR-000506,174,48,3,38,2,35,7,429.420519990366,3.22148753629687
AGR-000521,78,48,5,38,2,23,1,344.291828248649,5.63958851428082
AGR-000539,91,48,0,15,1,24,2,325.236107516896,0.05
AGR-000551,104,24,6,15,1,28,2,454.756009695604,3.15002138507552
AGR-000562,178,12,0,38,2,38,6,587.653810910826,0.0666666666666667
AGR-000581,152,12,5,15,1,36,4,641.248996435229,4.50007838023594
AGR-000589,166,36,2,15,1,36,5,578.633662614477,0.544656405830756
AGR-000607,197,12,0,38,2,38,8,478.95239562239,0.0666666666666667
AGR-000616,157,36,4,38,2,34,5,512.905618711458,2.00801789710919
AGR-000629,171,48,1,38,2,35,6,438.349875513725,0.38499348894693
AGR-000648,186,12,4,38,2,40,6,639.634430922325,1.5275177968666
AGR-000659,104,48,1,38,2,28,1,502.668216407603,0.481523103018602
AGR-000675,221,36,2,15,1,41,9,478.952233794868,1.2735100019956
AGR-000694,79,12,0,38,2,23,0,348.728333480017,0.0666666666666667
AGR-000706,162,36,5,38,2,34,6,448.695125080312,1.18208579247197
AGR-000717,162,12,0,15,1,38,4,700.81466625843,0.05
AGR-000732,152,24,3,38,2,36,4,632.978703474591,2.53745277711811
AGR-000748,103,48,3,38,2,26,3,356.799128435731,1.07001917936529
AGR-000765,122,48,2,38,2,29,3,437.018257754644,1.37470965115353
AGR-000771,156,24,4,38,2,35,5,558.630165814672,3.61197938360274
AGR-000780,176,12,5,15,1,37,6,585.658247025351,4.86272218748927
AGR-000798,91,36,2,38,2,26,0,460.479131211457,1.91354203466326
AGR-000817,137,24,5,38,2,32,4,507.893638408173,3.21927080398115
AGR-000832,95,12,3,15,1,24,2,315.131313439723,1.21965528131695
AGR-000843,137,36,0,38,2,32,4,547.702605639985,0.0666666666666667
AGR-000860,120,48,5,38,2,29,3,467.101495496955,3.22095518708229
AGR-000871,229,36,0,15,1,46,8,758.994509426497,0.05
AGR-000887,94,12,0,15,1,25,2,351.652975856071,0.05
AGR-000903,104,36,3,15,1,27,2,416.342970201792,1.37487555006519
AGR-000919,218,48,6,15,1,43,8,621.985231895077,2.21803745143115
AGR-000933,155,12,0,15,1,33,5,444.912502533977,0.05
AGR-000939,213,48,0,15,1,47,7,907.567566024024,0.05
AGR-000953,140,24,3,38,2,30,5,364.653278646206,2.78142695055964
AGR-000964,182,12,0,15,1,39,6,637.160224607812,0.05
AGR-000980,192,48,5,15,1,39,7,548.597278466199,4.3691019523656
AGR-000994,143,36,5,15,1,33,4,528.34357376411,3.98019971845206
AGR-001008,193,12,0,15,1,42,6,764.315605770819,0.05
AGR-001023,190,36,6,15,1,37,8,455.931548345638,0.871608588239178
AGR-001034,93,24,6,38,2,25,1,409.702235638031,3.95906036548937
AGR-001039,128,36,6,15,1,30,3,466.800270919933,3.76656948879827
AGR-001044,81,36,5,38,2,22,2,271.513352927043,6.22490543462336
AGR-001059,179,48,5,38,2,35,7,442.156567675698,6.62455248997236
AGR-001072,191,12,0,38,2,41,6,723.765041222062,0.0666666666666667
AGR-001086,87,12,0,38,2,24,1,318.13113111164,0.0666666666666667
AGR-001092,100,12,0,15,1,26,2,381.818393635425,0.05
AGR-001105,115,48,5,15,1,29,2,480.998319357077,1.48152641312918
AGR-001115,192,36,5,38,2,43,6,801.808872432312,2.30466465746673
AGR-001125,83,12,0,38,2,23,1,333.693532862774,0.0666666666666667
AGR-001135,190,36,4,15,1,39,7,598.073382371692,3.69642662713304
AGR-001148,153,12,0,38,2,36,4,638.265059385549,0.0666666666666667
AGR-001156,187,48,6,38,2,38,7,564.508482903637,3.18851538446421
AGR-001175,220,12,6,76,4,43,9,614.667163592006,7.74748032813271
AGR-001187,208,12,6,76,4,42,8,637.849168687378,14.7110151150574
AGR-001200,195,12,0,15,1,45,6,896.454068872516,0.05
AGR-001212,104,12,0,15,1,26,3,338.710218504135,0.05
AGR-001223,118,12,0,15,1,29,3,481.397671080964,0.05
AGR-001234,177,24,3,53,3,36,6,494.68654204587,0.571830750629306
AGR-001251,175,24,5,91,5,36,6,481.271958633943,15.8643043966033
AGR-001268,84,48,1,53,3,23,1,329.01721925907,0.82208865606226
AGR-001275,113,24,4,53,3,29,2,508.015924441121,3.46003806870431
AGR-001288,134,48,6,91,5,31,4,456.567128248383,2.33600280266255
AGR-001297,94,36,3,53,3,26,1,412.615154710419,2.45996081656776
AGR-001308,138,12,5,91,5,30,5,404.398433144596,12.0485835937317
AGR-001320,191,48,2,53,3,40,7,622.770784635328,2.90254491954111
AGR-001326,230,12,0,15,1,45,9,681.712012186323,0.05
AGR-001336,210,36,3,53,3,43,8,682.223866313394,4.4011652022833
AGR-001342,114,12,0,15,1,29,2,488.685783141157,0.05
AGR-001359,169,12,4,53,3,37,6,573.921843195272,4.5700441786088
AGR-001365,120,36,6,91,5,29,3,439.355610373452,20.4738293492235
AGR-001378,203,12,0,15,1,43,7,701.842028727235,0.05
AGR-001396,135,24,3,53,3,31,4,448.518966542876,0.861316066607833
AGR-001401,120,48,3,53,3,28,4,353.247094239939,1.76178302033804
AGR-001413,101,36,5,91,5,26,2,355.28574055189,19.5538074153475
AGR-001421,103,12,0,15,1,26,2,399.611882263871,0.05
AGR-001438,213,24,3,53,3,46,7,825.42977919732,5.62351666335016
AGR-001446,109,12,6,76,4,27,3,386.071233809775,11.9719773260256
AGR-001453,146,36,1,38,2,33,4,492.914506219433,0.387649871377895
AGR-001469,220,12,3,53,3,48,7,914.67097508515,5.1891442546621
AGR-001487,201,48,0,38,2,41,7,605.241807868001,0.0666666666666667
AGR-001494,128,12,0,15,1,31,3,492.13615370001,0.05
AGR-001505,177,36,6,76,4,37,6,565.320692152352,8.11619801515092
AGR-001520,167,48,2,53,3,37,5,614.655479188078,2.5178962752223
AGR-001526,172,36,4,53,3,35,6,457.107497530337,3.17814248371869
AGR-001539,178,36,3,53,3,37,6,570.831294077423,0.56230187327601
AGR-001558,146,12,0,15,1,33,4,489.575216532254,0.05
AGR-001566,157,36,6,76,4,36,4,628.085404492952,15.4882219122102
AGR-001572,152,12,0,15,1,33,5,505.312683525258,0.05
AGR-001584,270,36,5,76,4,53,10,925.216100180948,2.09141679452732
AGR-001599,178,24,3,53,3,38,6,588.816295456536,1.75611634375527
AGR-001608,159,36,0,15,1,34,5,481.394728284849,0.05
AGR-001620,117,36,4,53,3,29,3,473.309202370786,6.11078577665612
AGR-001633,151,24,5,91,5,33,5,489.255187295472,10.648933025822
AGR-001640,188,24,4,53,3,42,6,756.729331489221,4.90740024717525
AGR-001649,140,12,6,91,5,33,4,526.014996898446,1.7689811816439
AGR-001665,192,12,6,91,5,40,7,652.511085917366,12.1645613008179
AGR-001682,132,12,6,91,5,31,3,504.066224549778,2.36648581726477
AGR-001688,181,24,3,53,3,39,6,615.366001342467,3.03998017290141
AGR-001695,83,48,6,91,5,23,1,359.929023307178,15.7638807092793
AGR-001704,170,48,4,53,3,36,6,563.28387249354,5.61669458700344
AGR-001722,215,12,0,15,1,40,9,504.326910521918,0.05
AGR-001739,95,24,5,91,5,25,2,379.449041028363,3.92809219453484
AGR-001747,83,48,6,91,5,24,1,359.392029398692,22.1133097754791
AGR-001764,194,48,3,53,3,39,7,563.762061931863,1.09843576333951
AGR-001769,95,48,4,53,3,24,2,316.101924050339,6.03935722289607
AGR-001784,196,12,0,15,1,40,7,613.139927680514,0.05
AGR-001792,87,24,6,91,5,23,2,318.549160769706,2.38851486193016
AGR-001799,172,12,0,15,1,38,5,636.033655189109,0.05
AGR-001818,96,12,0,15,1,25,2,378.439460962349,0.05
AGR-001830,198,48,0,38,2,43,6,776.433959001045,0.0666666666666667
AGR-001849,121,12,4,53,3,31,2,528.036945173889,7.54055459797382
AGR-001862,102,12,3,53,3,26,2,388.08471231276,1.18888964194339
AGR-001877,247,12,6,76,4,49,9,826.010889903603,3.50509089001765
AGR-001883,202,12,0,15,1,42,7,725.27493694797,0.05
AGR-001888,251,12,5,76,4,49,10,777.69087072983,11.134438117221
AGR-001895,215,12,0,15,1,44,8,712.814476714967,0.05
AGR-001912,81,48,2,53,3,23,1,321.995241946035,3.29469333547167
AGR-001920,176,12,3,53,3,38,6,638.239640407814,0.508418934326619
AGR-001935,84,48,1,53,3,23,1,337.837314807436,1.52636624414008
AGR-001941,169,48,2,53,3,36,6,568.528227348157,3.39735383866355
AGR-001948,95,12,0,15,1,25,2,372.803990631848,0.05
AGR-001958,115,36,2,38,2,28,3,416.806867567927,1.41615930330008
AGR-001972,145,36,2,38,2,34,4,542.614319441611,0.608804298130175
AGR-001982,195,36,4,53,3,41,7,665.656934203826,1.17834736248478
AGR-001991,203,24,6,76,4,41,7,628.076285261134,3.40610543241103
AGR-002001,205,36,5,76,4,42,7,678.119797287236,1.13856037072837
AGR-002016,75,48,1,53,3,21,1,271.109168868848,1.54829600364901
AGR-002029,225,48,0,38,2,46,8,788.785991340393,0.0666666666666667
AGR-002043,155,12,0,15,1,36,4,601.594561430463,0.05
AGR-002057,121,24,4,53,3,30,3,495.240480739267,3.82322023101151
AGR-002067,143,24,3,53,3,33,4,520.401067009135,2.77767774679232
AGR-002085,218,48,1,53,3,44,8,729.0732998336,1.31273403167725
AGR-002096,110,12,4,53,3,28,2,454.921626880315,6.76975361444056
AGR-002112,278,36,5,76,4,54,11,906.398793450443,10.846430214153
AGR-002131,264,12,6,76,4,47,11,593.47581932192,5.89085239854952
AGR-002144,158,24,0,15,1,35,5,590.311170077469,0.05
AGR-002153,206,48,2,53,3,42,7,669.622112283547,2.78147451658733
AGR-002162,110,36,1,15,1,29,2,503.756986228507,0.535742028255481
AGR-002171,164,36,1,38,2,39,4,764.825226007624,0.900961052346975
AGR-002187,147,36,3,53,3,32,5,421.880371100467,2.04571503950283
AGR-002192,150,24,4,53,3,34,4,577.240541617516,5.95551441255957
AGR-002210,221,48,3,53,3,45,8,760.704131387531,5.66336542258505
AGR-002217,158,36,5,91,5,34,5,512.627084870865,14.0238502421882
AGR-002226,118,36,2,38,2,29,3,455.59345217816,0.6710479805246
AGR-002244,185,12,3,53,3,40,6,676.510496565175,2.38398282791022
AGR-002261,155,12,6,91,5,34,5,543.777127783892,4.21624531177804
AGR-002274,199,36,4,53,3,41,7,651.627928259079,1.32168326303363
AGR-002287,140,24,0,15,1,31,5,432.992933837365,0.05
AGR-002305,111,36,5,91,5,27,3,363.322764367597,17.1257981176488
AGR-002310,128,12,5,91,5,30,4,449.087581239239,20.0626507853623
AGR-002326,204,36,1,15,1,42,7,653.416679896706,0.515277688857168
AGR-002334,115,36,5,91,5,29,2,479.848981832872,5.04872684115544
AGR-002341,102,48,5,91,5,26,2,372.43540215966,19.5135585130658
AGR-002360,111,48,3,53,3,29,2,501.187815038152,4.1642065387452
AGR-002374,93,48,0,38,2,24,2,346.00542653294,0.0666666666666667
AGR-002386,179,36,5,91,5,41,5,741.011456000495,3.46598153170198
AGR-002395,153,12,3,53,3,34,5,556.388501778831,3.8185841270024
AGR-002404,120,48,5,91,5,28,4,376.872825583257,3.48362050512806
AGR-002412,125,24,0,15,1,30,3,498.058581282781,0.05
AGR-002418,72,48,0,38,2,21,1,299.014183583809,0.0666666666666667
AGR-002424,133,48,2,53,3,31,4,441.279223515773,3.93402677765116
AGR-002438,227,12,3,53,3,48,8,865.773093608945,5.60738693799358
AGR-002450,145,48,6,91,5,34,4,561.218980496271,20.1720686321147
AGR-002458,135,12,5,91,5,33,3,546.728702309157,7.27016096101142
AGR-002476,84,48,3,53,3,23,2,270.097878440697,5.4028918570606
AGR-002488,157,24,0,15,1,34,5,509.909040731244,0.05
AGR-002497,186,24,0,15,1,38,7,568.83228472419,0.05
AGR-002510,105,24,0,15,1,24,4,239.407249301693,0.05
AGR-002517,145,36,4,53,3,33,4,529.095394409461,3.70406659804285
AGR-002531,145,24,0,15,1,34,4,579.937088555937,0.05
AGR-002539,179,36,2,15,1,39,6,654.085789135331,1.57829780534375
AGR-002550,174,48,5,91,5,36,6,497.287032332426,5.35627507842146
AGR-002569,156,24,0,15,1,34,5,484.654735529978,0.05
AGR-002586,148,24,3,53,3,31,5,379.626525061056,2.42893418238964
AGR-002605,92,48,6,91,5,26,1,424.6500080463,15.808731862437
AGR-002623,140,12,4,53,3,32,4,490.592022848509,7.28323610667139
AGR-002630,158,48,0,38,2,34,5,486.58155395891,0.0666666666666667
AGR-002639,143,48,2,53,3,34,4,576.874979909256,2.03744520493783
AGR-002644,229,48,1,53,3,46,9,729.965240015031,0.268581342929974
AGR-002655,179,36,1,15,1,36,7,471.150116889487,0.640088792517781
AGR-002663,149,24,0,15,1,34,4,510.220697488539,0.05
AGR-002669,230,36,1,15,1,46,8,788.06583943307,0.670460231369361
AGR-002679,178,12,4,53,3,38,6,643.567626805431,7.73050898807123
AGR-002687,161,48,5,91,5,36,5,606.005639125817,6.31919492552988
AGR-002696,151,48,1,53,3,33,5,472.634123706111,1.45179294303525
AGR-002703,189,12,6,91,5,41,6,702.188751364076,3.14354366743937
AGR-002709,173,36,2,38,2,36,6,490.032641424763,0.380589192391684
AGR-002720,104,12,4,53,3,28,2,450.020205452045,3.31451955186203
AGR-002730,167,48,2,53,3,36,6,534.002929586398,1.42898836126551
AGR-002741,98,12,3,53,3,26,2,398.668017450674,3.54114615069702
AGR-002756,126,24,0,15,1,31,3,487.652163751534,0.05
AGR-002766,166,36,5,91,5,36,5,543.175001063096,17.2681011057459
AGR-002774,71,24,3,53,3,20,1,232.179122620231,3.93850700571202
AGR-002785,209,12,3,53,3,43,8,673.525703169773,2.6750981267076
AGR-002797,168,24,4,53,3,36,6,515.170149336742,2.77742761522532
AGR-002816,135,24,0,15,1,31,4,449.650564324173,0.05
AGR-002823,225,24,0,15,1,47,8,841.120364942987,0.05
AGR-002840,205,48,0,38,2,44,7,749.184538512797,0.0666666666666667
AGR-002851,215,24,0,15,1,44,8,749.554156477859,0.05
AGR-002857,111,12,6,91,5,27,3,375.560485305239,6.40574368499219
AGR-002865,112,24,4,53,3,30,1,559.345861624147,5.94243875453249
AGR-002881,107,48,2,53,3,25,3,301.974366698762,2.82402826603502
AGR-002886,178,12,5,91,5,36,7,467.949739922731,14.6187538230326
AGR-002891,275,36,5,76,4,54,11,951.793648798278,4.34195458100488
AGR-002898,80,48,2,53,3,24,0,418.11550828477,3.00655188136734
AGR-002907,110,12,5,76,4,27,3,389.00454782646,9.17193337269127
AGR-002926,244,48,5,91,5,46,10,663.658596711882,1.9792410866823
AGR-002945,225,48,3,53,3,45,8,707.467713082106,0.748506520898081
AGR-002953,101,24,4,53,3,28,1,506.717089004271,2.62618886660784
AGR-002959,248,36,5,91,5,48,10,721.34540775239,6.93738662316464
AGR-002967,171,24,0,15,1,36,6,547.622228756644,0.05
AGR-002974,154,24,0,15,1,34,5,517.208261048448,0.05
AGR-002989,220,24,3,53,3,46,8,821.292821976884,2.519196084328
AGR-003002,187,48,1,53,3,41,6,693.513521278062,1.80197072373703
AGR-003007,116,36,0,38,2,28,3,406.592677715271,0.0666666666666667
AGR-003020,166,36,4,53,3,34,6,416.988846383539,2.92691675974056
AGR-003031,168,24,0,15,1,39,4,756.086073627487,0.05
AGR-003038,85,48,0,38,2,23,2,308.887276977791,0.0666666666666667
AGR-003052,199,48,1,53,3,41,7,624.31017559421,1.70347856783774
AGR-003058,130,24,0,15,1,31,3,484.000433537223,0.05
AGR-003063,85,24,3,53,3,24,1,354.939618628169,5.56105130242649
AGR-003074,192,24,0,38,2,38,7,547.769765228603,0.0666666666666667
AGR-003087,199,36,0,38,2,42,7,700.066668151914,0.0666666666666667
AGR-003098,163,36,0,38,2,37,5,638.246663928547,0.0666666666666667
AGR-003115,283,12,6,76,4,56,11,1003.18571302089,14.7865350126599
AGR-003130,187,36,3,53,3,41,6,720.33016666783,2.23931991611607
AGR-003143,173,48,0,38,2,36,6,512.315691648441,0.0666666666666667
AGR-003153,202,12,3,53,3,42,7,680.005791322441,5.59384258908685
AGR-003166,140,36,2,15,1,33,3,583.755734647127,1.9648302677786
AGR-003179,144,24,0,38,2,33,4,564.298127356053,0.0666666666666667
AGR-003189,173,48,5,91,5,38,5,631.429869646543,15.3546618172433
AGR-003207,125,48,6,91,5,31,3,510.666213152832,11.4323870602064
AGR-003217,300,36,5,76,4,56,12,920.568987805575,2.25716596115381
AGR-003225,152,12,3,53,3,35,4,588.583750799245,4.25116385810543
AGR-003236,207,36,1,15,1,41,8,608.250479101048,0.794981540797744
AGR-003254,193,36,2,38,2,40,7,634.570685883554,1.42609508692597
AGR-003260,193,24,0,38,2,41,7,677.916515101473,0.0666666666666667
AGR-003266,158,36,6,91,5,36,5,594.907198411542,16.8093465933576
AGR-003282,295,12,5,76,4,50,13,591.626447574551,4.13120598783717
AGR-003292,164,36,5,91,5,38,5,671.195668421905,7.68813575645909
AGR-003307,184,36,0,38,2,40,6,667.803095385491,0.0666666666666667
AGR-003325,149,36,3,53,3,35,4,630.58115348823,0.49302168644499
AGR-003344,188,24,4,53,3,41,6,738.753147198058,3.36339786862954
AGR-003358,173,36,1,15,1,38,5,662.969488494469,0.634192031703424
AGR-003375,70,12,4,53,3,21,0,304.147253357244,5.66788301877677
AGR-003392,206,36,6,91,5,44,7,779.316452032028,18.3948639668524
AGR-003403,102,36,2,15,1,26,2,382.659994507762,1.95513817232568
AGR-003419,114,48,0,38,2,29,2,468.794763842031,0.0666666666666667
AGR-003426,117,48,6,91,5,29,3,448.311201145443,8.80445736963302
AGR-003443,91,24,4,53,3,25,1,385.376591350202,1.50864186957479
AGR-003456,120,24,0,15,1,28,3,391.411268060105,0.05
AGR-003468,114,36,5,91,5,28,3,399.688324524607,7.48766260226257
AGR-003479,75,48,2,53,3,22,1,317.185274152647,2.7665023769252
AGR-003486,199,24,0,15,1,40,8,576.867559815782,0.05
AGR-003494,204,24,6,76,4,42,7,648.903358383091,2.01607898057749
AGR-003504,159,36,0,38,2,36,5,580.374609735965,0.0666666666666667
AGR-003515,149,24,0,15,1,36,4,660.583019771404,0.05
AGR-003524,138,36,4,53,3,33,3,546.16821980389,4.70553728658706
AGR-003536,226,48,4,53,3,43,9,589.837243254829,4.59846794204786
AGR-003554,230,24,3,53,3,43,9,573.623798898507,5.24267622621264
AGR-003572,153,24,0,15,1,33,5,456.079799306844,0.05
AGR-003588,178,12,4,53,3,37,6,526.98511330426,7.72673174869269
AGR-003601,117,24,0,15,1,28,3,396.899672278306,0.05
AGR-003608,165,48,1,53,3,37,5,599.571318900293,1.13639720408246
AGR-003618,151,36,1,15,1,35,4,611.908428131387,1.02720623711357
AGR-003630,93,24,3,53,3,25,2,347.094986272218,3.19496773190331
AGR-003648,124,36,6,91,5,30,3,477.385887497974,16.3379285103641
AGR-003654,155,24,0,15,1,32,6,401.703631143667,0.05
AGR-003670,114,48,4,53,3,29,2,457.65250597238,7.7015245243907
AGR-003676,116,24,0,15,1,29,2,472.830883361623,0.05
AGR-003695,197,48,6,91,5,40,7,596.954867473648,21.4226637179963
AGR-003701,142,48,5,91,5,32,4,452.070803321952,9.84262628834695
AGR-003711,247,24,6,76,4,49,9,807.947141736143,8.47963196498652
AGR-003726,211,24,3,53,3,43,8,657.082117766091,3.02550900622737
AGR-003745,115,24,0,15,1,28,3,440.220075114357,0.05
AGR-003755,167,48,0,38,2,36,6,536.442935472665,0.0666666666666667
AGR-003760,150,24,3,53,3,33,5,494.074089888548,4.87951373513788
AGR-003766,225,24,0,15,1,44,9,662.915216609916,0.05
AGR-003775,115,36,4,53,3,29,2,456.896289245248,6.34423537757248
AGR-003792,154,24,0,15,1,33,5,468.884110765251,0.05
AGR-003806,276,12,5,76,4,56,10,1032.98477702578,7.26911758929491
AGR-003825,139,48,4,53,3,32,4,517.647637580545,4.47887696512043
AGR-003842,257,36,5,76,4,51,10,847.5425891742,13.375456632146
AGR-003852,112,24,4,53,3,28,2,442.282097812046,3.76532040135935
AGR-003865,211,36,4,53,3,48,6,954.397404210688,8.06968553680927
AGR-003881,193,24,0,15,1,41,6,701.524144689637,0.05
AGR-003894,210,48,2,53,3,46,7,856.250798688155,2.260460411245
AGR-003902,90,48,1,53,3,25,1,390.086931828744,1.15510713448748
AGR-003913,175,48,6,91,5,38,6,603.977988833489,22.1853346426971
AGR-003918,200,36,2,38,2,39,8,523.882830371353,0.869853606820106
AGR-003924,208,24,6,76,4,45,7,826.837762900892,3.57595772252729
AGR-003936,276,12,5,76,4,54,11,945.274434884576,5.87086256394784
AGR-003944,128,48,0,38,2,31,3,500.198520481493,0.0666666666666667
AGR-003961,158,24,0,15,1,36,5,578.60819708947,0.05
AGR-003975,134,48,2,53,3,31,4,460.593583747433,1.72823364059441
AGR-003986,202,24,0,15,1,41,7,666.475629918332,0.05
AGR-003998,175,36,3,53,3,37,6,553.394838330948,1.59104527658783
AGR-004012,182,36,3,53,3,35,7,409.943098818514,4.96758104206529
AGR-004021,109,24,4,53,3,26,3,325.657016116187,5.35489835748449
AGR-004035,103,24,4,53,3,28,1,482.575534017957,6.09611374549568
AGR-004047,139,24,5,76,4,29,5,335.77936818858,6.35829049708942
AGR-004059,218,24,0,15,1,45,8,771.855755369106,0.05
AGR-004076,179,12,3,53,3,39,6,674.651438882831,1.85945085396525
AGR-004093,268,36,5,76,4,50,11,731.105290349959,6.67376427200312
AGR-004101,175,12,4,53,3,39,5,688.522413108002,1.78147293189541
AGR-004118,197,24,0,15,1,40,7,632.502594618982,0.05
AGR-004123,134,24,0,15,1,31,4,469.198357212028,0.05
AGR-004129,160,36,5,91,5,37,4,670.430159771693,10.2856998502277
AGR-004146,141,48,6,91,5,32,4,466.508811623447,18.5264327429235
AGR-004158,115,12,1,15,1,28,3,402.227849423508,0.119554055738263
AGR-004167,112,12,1,15,1,29,2,503.673168404734,0.262420575739816
AGR-004184,79,48,1,53,3,22,1,316.206303892759,1.41593634334859
AGR-004201,246,24,5,76,4,48,10,767.238132137474,2.88972747189303
AGR-004219,204,12,1,15,1,44,7,813.416716451978,0.43698663652176
AGR-004235,165,36,2,38,2,36,5,554.762065050497,0.672280400246382
AGR-004254,162,12,1,15,1,38,4,691.049238124467,0.952773353271186
AGR-004267,254,36,5,76,4,50,10,820.38422947881,3.81192884255822
AGR-004282,137,12,4,53,3,32,4,508.912183322149,7.98557048337534
AGR-004298,106,48,4,53,3,24,4,236.159844385816,0.662113599758595
AGR-004306,182,36,6,91,5,37,7,497.538210141458,3.85188840879127
AGR-004311,83,24,3,53,3,25,1,470.12227109871,1.7955129216658
AGR-004325,219,24,5,76,4,46,8,831.817140774724,9.94992380452653
AGR-004335,181,12,1,15,1,40,5,718.071988291197,0.131098196154926
AGR-004349,199,48,2,53,3,42,7,694.754220136401,2.38752997783013
AGR-004367,212,12,4,53,3,44,8,724.563859452092,5.68934597857296
AGR-004383,101,36,4,53,3,24,3,260.842866213729,2.78183081801981
AGR-004396,126,24,6,76,4,30,3,458.642810628927,6.84270513517161
AGR-004414,200,48,6,91,5,41,7,626.945675790647,18.0997722607106
AGR-004426,187,36,2,15,1,42,6,787.999884677084,1.97874319471885
AGR-004443,78,48,2,53,3,22,1,304.166520337771,3.19026544722728
AGR-004457,160,36,6,91,5,37,4,661.674555562803,14.6621480949223
AGR-004472,193,48,3,53,3,42,6,727.274529002115,3.03837605991866
AGR-004484,188,12,1,15,1,41,6,717.241730360291,0.438494139409158
AGR-004489,180,48,2,53,3,37,6,543.022084172704,1.75890289996751
AGR-004500,185,48,3,53,3,36,7,467.398365385553,1.57295188296121
AGR-004517,130,48,2,53,3,31,3,494.982154590138,0.827365409117192
AGR-004531,89,48,0,38,2,24,1,367.303608366106,0.0666666666666667
AGR-004543,141,36,2,38,2,31,5,401.403096824741,0.873983764337997
AGR-004557,115,24,5,76,4,28,3,405.366499522067,9.7084195732139
AGR-004568,169,36,2,15,1,36,6,572.269103754801,0.924968516407534
AGR-004576,198,12,1,15,1,41,7,693.314399076675,0.352285984251648
AGR-004595,177,12,1,15,1,37,6,543.790315860349,0.480928962328471
AGR-004612,95,24,3,53,3,25,2,331.583992470327,1.52468485238496
AGR-004623,76,48,4,53,3,21,1,256.589466161433,6.8074808254838
AGR-004632,265,48,5,76,4,54,10,997.115008819243,7.48784458578254
AGR-004639,180,24,3,53,3,38,6,576.940020022356,2.652242084709
AGR-004649,84,36,3,53,3,23,2,308.301333921571,3.67160942624323
AGR-004663,236,36,6,91,5,49,8,881.107799029633,23.5381631908007
AGR-004675,265,48,5,76,4,52,10,877.040419117581,9.03523115832358
AGR-004685,224,12,1,15,1,45,8,682.183620686016,0.41692110087024
AGR-004695,174,48,5,91,5,39,5,725.705160956019,7.49750114260241
AGR-004713,299,36,5,76,4,60,11,1141.40060152191,12.7375085147719
AGR-004719,189,36,2,15,1,38,7,538.028578749156,0.87411373956129
AGR-004732,182,24,5,76,4,38,6,577.687869834753,7.94810302279269
AGR-004749,114,48,0,38,2,29,2,481.973507644972,0.0666666666666667
AGR-004766,98,48,2,53,3,24,3,281.788221973835,0.827670109504834
AGR-004779,193,12,1,15,1,39,7,541.954071031669,0.327799942402635
AGR-004792,265,24,6,76,4,49,11,728.865766125496,11.8470716259753
AGR-004800,207,36,3,53,3,41,8,573.108158248969,2.09417553313542
AGR-004816,230,12,1,15,1,44,9,631.244705783828,0.585675549355801
AGR-004834,130,12,5,76,4,30,4,453.784187332124,4.31766830853497
AGR-004848,199,24,4,53,3,44,6,815.159084752243,3.24099265486002
AGR-004863,93,24,3,53,3,24,2,305.637324358626,2.89390875052195
AGR-004875,142,12,1,15,1,31,5,429.307505446926,0.862913394859061
AGR-004886,221,36,4,53,3,47,8,852.97250352659,4.45663393680006
AGR-004904,159,48,1,53,3,33,6,391.89281276896,1.5226889340207
AGR-004922,124,48,1,53,3,29,4,375.112238524016,1.81089010697324
AGR-004939,192,12,1,15,1,42,6,737.007355329085,0.903423789341468
AGR-004948,97,48,3,53,3,26,2,410.517218913748,2.63369172012899
AGR-004957,102,36,1,38,2,27,2,435.286923889166,0.327784091963743
AGR-004973,93,12,1,38,2,25,2,386.031034451912,0.943272671382874
AGR-004987,198,36,4,53,3,44,6,824.103007131715,2.68249976392835
AGR-004994,217,12,1,15,1,44,8,707.432882503254,0.981920987053309
AGR-004999,109,12,1,38,2,27,3,418.100334619605,0.33047241793635
AGR-005015,164,24,3,53,3,35,5,545.667243090822,5.89389748559333
AGR-005032,94,12,1,38,2,25,2,390.371085934016,0.134929941222072
AGR-005046,192,12,3,53,3,37,8,473.75735499057,4.43289937044028
AGR-005057,167,48,3,53,3,36,5,569.500505096799,3.99206933015958
AGR-005068,189,48,6,91,5,38,7,564.907928914049,19.0261794178747
AGR-005085,209,12,1,15,1,44,7,728.094164838309,0.947976537153591
AGR-005101,287,24,5,76,4,57,11,1045.2160068295,7.27525172075257
AGR-005111,136,12,1,15,1,31,4,455.7423020332,0.811551019304898
AGR-005126,230,12,1,15,1,48,8,844.81795447467,0.980060806754045
AGR-005145,177,12,4,53,3,38,6,620.663947183656,1.19732674723491
AGR-005152,145,36,1,15,1,34,4,600.733950815952,0.571822711534333
AGR-005166,151,24,6,76,4,33,5,494.673579207404,3.93535247960438
AGR-005183,225,12,1,15,1,42,9,557.448751183399,1.04442625624361
AGR-005200,162,12,1,15,1,37,5,617.947385710038,0.134979990078136
AGR-005218,175,12,1,15,1,37,6,588.667563545219,0.306684916617814
AGR-005229,190,36,6,91,5,41,6,730.73889436435,21.7133440550417
AGR-005235,110,48,4,53,3,27,3,423.248726797525,1.40391712784767
AGR-005241,198,24,4,53,3,43,6,774.221349138473,3.30469635585323
AGR-005249,288,12,6,76,4,54,12,854.686405922077,3.40145507113387
AGR-005268,223,48,4,53,3,46,8,779.990626241076,1.76685554152355
AGR-005284,142,48,0,38,2,33,4,532.827516295139,0.0666666666666667
AGR-005302,214,36,1,15,1,43,8,648.052624937339,0.869879756763112
AGR-005321,175,24,3,53,3,39,5,687.012306276171,5.83396749335807
AGR-005332,157,36,3,53,3,36,4,634.73326895743,2.67949000285007
AGR-005347,165,48,3,53,3,33,6,378.568914391209,5.25780972200446
AGR-005354,287,48,6,76,4,54,12,833.411525035099,1.91408076447745
AGR-005362,153,12,4,53,3,34,5,540.176375440316,2.79921863032505
AGR-005370,256,12,6,76,4,54,9,1072.83898025304,8.38852092114588
AGR-005383,80,48,4,53,3,22,2,269.868205619851,5.41158541962504
AGR-005395,159,48,4,53,3,37,4,640.356567168249,4.38082088045776
AGR-005412,71,24,3,53,3,22,0,333.3589158759,4.9443776371656
AGR-005428,71,48,0,76,4,21,1,271.916606368061,0.133333333333333
AGR-005439,227,12,1,15,1,46,8,739.188067148595,0.435847786650993
AGR-005458,112,12,3,53,3,28,3,398.04221335509,4.15686967910733
AGR-005467,158,36,6,91,5,36,5,577.285023827971,6.85546033447608
AGR-005477,102,12,6,76,4,25,3,289.088591841979,4.96453730383267
AGR-005489,175,12,1,15,1,33,7,320.431557055375,0.592355408763979
AGR-005496,95,36,2,38,2,26,1,398.748889849876,2.06937420045336
AGR-005509,137,36,2,38,2,32,4,486.544870543718,2.17501429527377
AGR-005524,199,48,5,91,5,41,7,648.273776172863,3.37919353349134
AGR-005529,85,48,1,53,3,24,1,339.636750987991,1.36350936358795
AGR-005540,185,48,3,53,3,40,6,631.815358791121,5.59233619966544
AGR-005552,111,36,4,53,3,28,2,455.195737211844,5.31856309128925
AGR-005559,102,48,4,53,3,24,3,292.887002119221,2.5874466505833
AGR-005577,192,12,1,15,1,38,7,477.818359395561,0.435193571192212
AGR-005591,209,48,3,53,3,46,7,903.825170000831,4.22372733289376
AGR-005600,130,24,5,76,4,29,4,343.287750458203,12.2850113087644
AGR-005612,187,36,3,53,3,37,7,465.572469533094,4.56234424132854
AGR-005620,118,12,1,15,1,29,3,433.428543432885,0.973778639396187
AGR-005627,85,36,2,38,2,24,1,335.796687946435,1.16883091789981
AGR-005635,140,48,1,53,3,30,5,411.637359470874,1.82286702180281
AGR-005654,152,12,1,15,1,34,5,507.125242756422,0.151997385604773
AGR-005663,159,24,4,53,3,36,5,604.859337557904,2.43029382005334
AGR-005672,87,24,3,53,3,23,2,317.598877542927,2.4926352861803
AGR-005677,102,24,3,53,3,26,2,378.469803650066,2.45525132524781
AGR-005690,177,12,1,15,1,40,5,734.054029920079,0.366490704310127
AGR-005698,155,36,6,91,5,34,5,504.499990175601,10.2621892298572
AGR-005714,119,36,4,53,3,29,3,460.915082766078,3.14582176273689
AGR-005726,189,12,3,53,3,37,7,477.531828474431,1.98986148207914
AGR-005733,244,36,6,91,5,48,9,745.739171481349,19.6648094777949
AGR-005740,170,12,1,15,1,40,4,770.419959855229,1.0452631486929
AGR-005750,122,12,1,15,1,30,3,461.847423830716,0.815579863952007
AGR-005763,132,48,3,53,3,32,3,531.564678037635,3.83905469221063
AGR-005782,110,12,1,38,2,29,2,473.86279876595,0.885667694779113
AGR-005792,128,36,6,91,5,30,3,460.218888747489,14.6762185677886
AGR-005808,113,48,6,91,5,28,3,408.344789280444,6.84143170882016
AGR-005821,194,12,1,15,1,43,6,789.630078693344,0.531570162507705
AGR-005839,85,48,1,53,3,24,1,349.164421963173,2.09148158882745
AGR-005844,285,12,6,76,4,53,12,797.930539090346,2.19107226834943
AGR-005862,141,24,1,38,2,32,4,480.331222530816,0.199080940273901
AGR-005880,193,48,5,91,5,41,6,696.07429880038,10.5821470439434
AGR-005899,290,12,5,76,4,56,12,931.616521522548,1.48391888852542
AGR-005910,104,24,1,38,2,26,3,356.175290696292,1.33723485926166
AGR-005926,160,24,1,15,1,35,5,551.504311518371,0.70153169836849
AGR-005936,188,36,2,15,1,39,7,618.819484989303,0.662880453071557
AGR-005949,126,12,4,53,3,31,3,540.881958502276,8.07577831652015
AGR-005965,108,24,1,38,2,27,2,401.370347578845,0.587818541067342
AGR-005979,159,48,0,38,2,37,4,651.299331560267,0.0666666666666667
AGR-005992,190,36,2,15,1,38,7,550.194151023148,0.777430157223716
AGR-006010,178,36,4,53,3,37,6,545.017072136858,1.29340590201318
AGR-006026,130,12,3,53,3,29,4,366.777652762281,3.70543814469129
AGR-006044,179,24,1,15,1,38,6,613.58519533154,0.416434992675204
AGR-006049,211,36,5,91,5,42,8,650.799362471275,1.27177400426008
AGR-006055,220,24,1,15,1,40,9,469.690173661722,1.04486630401807
AGR-006062,180,12,4,53,3,37,6,562.28990704228,3.30618494441733
AGR-006075,81,48,0,53,3,22,2,251.425358071259,0.1
AGR-006083,180,36,3,53,3,39,6,654.427018559596,4.63600916299038
AGR-006089,196,24,1,15,1,40,7,624.410743636265,0.390659446397331
AGR-006103,159,12,5,76,4,33,6,413.45742859486,5.89464542474598
AGR-006110,218,24,1,15,1,45,8,759.467489464798,0.473892870778218
AGR-006125,234,36,5,91,5,46,9,731.556149987013,9.57437262409367
AGR-006133,174,12,3,53,3,41,4,795.647414327617,4.80498893372715
AGR-006145,173,24,6,76,4,38,5,636.21588800182,4.1187827942272
AGR-006152,259,12,6,76,4,50,10,801.382000514536,12.3047981932138
AGR-006158,193,24,1,15,1,41,6,701.239625176268,0.656087394978386
AGR-006175,95,24,1,38,2,25,2,361.850404861667,0.544299780980994
AGR-006189,138,24,1,15,1,32,4,544.422101690645,0.456295077456161
AGR-006208,100,24,1,38,2,28,1,496.768810098101,0.167453778985267
AGR-006215,124,36,2,15,1,29,3,423.658399673356,1.06833626464941
AGR-006222,225,36,1,15,1,47,8,825.428028048392,1.02157641683007
AGR-006229,156,12,3,53,3,36,4,630.390185430753,0.402251900685951
AGR-006248,118,24,1,38,2,28,3,371.205501902086,0.267223228126143
AGR-006261,171,24,1,15,1,35,6,469.398250656519,0.517946044181008
AGR-006272,116,24,1,38,2,28,3,398.311841923452,0.528911738547807
AGR-006278,101,24,1,38,2,26,2,395.114912235522,1.36368826655671
AGR-006285,289,48,5,76,4,57,11,996.825872864179,8.21340567482015
AGR-006292,162,36,3,53,3,36,5,611.857140652411,4.58339318244252
AGR-006303,103,36,0,15,1,26,3,345.887518880836,0.05
AGR-006312,211,48,2,53,3,46,7,900.174215363701,3.04734117342159
AGR-006321,251,12,5,76,4,53,9,1020.33352327255,2.20618928521872
AGR-006340,198,24,3,53,3,40,7,574.292785822016,1.64590153743047
AGR-006357,164,36,5,91,5,36,5,597.299608418389,13.0287597349845
AGR-006375,90,48,4,53,3,25,1,372.739615403852,7.79053125288337
AGR-006385,80,36,3,53,3,22,1,282.880158303159,5.03019964988343
AGR-006399,140,36,6,91,5,33,4,562.264233984144,1.90531263528392
AGR-006415,90,24,1,38,2,24,1,365.892689304174,0.997882791065301
AGR-006422,207,36,1,15,1,47,6,923.892580864902,0.889248154766392
AGR-006431,147,36,3,53,3,32,5,410.451618391572,5.00449672220275
AGR-006439,165,36,1,15,1,35,6,509.929928415857,0.899752936395817
AGR-006449,127,24,1,38,2,32,3,560.508540062478,0.371045719708006
AGR-006460,178,48,6,91,5,38,6,584.46203674692,3.56474222075194
AGR-006474,200,36,4,38,2,43,7,740.507385069932,2.60732991260787
AGR-006479,115,24,3,53,3,27,3,366.281767483279,3.82273878180422
AGR-006487,87,36,2,38,2,25,1,392.047027249604,2.38771644541994
AGR-006497,206,48,3,53,3,43,7,724.693825273153,5.25329860148486
AGR-006516,156,24,1,15,1,36,4,592.532393431287,0.762892110855319
AGR-006531,154,24,1,15,1,33,5,478.345268718049,0.71177355714608
AGR-006548,170,12,3,53,3,38,5,639.271409887755,4.13177363418508
AGR-006556,136,12,5,76,4,32,4,525.513818275411,11.9511616615268
AGR-006562,75,48,0,38,2,22,1,314.596771475442,0.0666666666666667
AGR-006571,108,24,5,76,4,27,2,429.091739423739,11.5265080062983
AGR-006579,299,36,6,76,4,59,12,1084.79814444641,5.89645332445701
AGR-006584,214,48,6,91,5,43,8,666.519420141012,13.8716297335923
AGR-006600,126,48,4,53,3,32,2,584.993073064567,6.08125736471266
AGR-006613,111,12,3,53,3,27,3,356.159801343805,4.99018457015045
AGR-006626,134,36,4,53,3,30,4,406.527413875446,2.06894406089559
AGR-006642,84,48,4,53,3,24,1,348.323781992166,7.18922865334898
AGR-006648,214,48,1,53,3,44,8,723.269387299695,0.952545086690225
AGR-006656,283,36,5,76,4,52,12,773.984986077188,13.251421741241
AGR-006674,154,48,0,38,2,35,5,536.10026525522,0.0666666666666667
AGR-006681,235,24,5,76,4,47,9,766.044692955709,12.309116583659
AGR-006688,208,24,1,15,1,41,8,602.357524465646,0.779377079196274
AGR-006694,225,24,5,76,4,46,8,778.719025990118,3.78472789038594
AGR-006701,85,48,3,53,3,25,0,420.463081421573,0.422259521507658
AGR-006712,185,24,1,15,1,41,6,739.45889334459,0.555411482776981
AGR-006717,107,12,3,53,3,30,1,538.472316050345,5.37115881564096
AGR-006723,175,24,1,15,1,39,5,661.783404989856,0.349210903735366
AGR-006742,171,12,5,76,4,36,6,534.118544517486,9.20312436999132
AGR-006748,132,24,1,15,1,31,4,466.184551405749,0.935662486986257
AGR-006755,222,12,6,76,4,46,8,836.766888991891,14.7882132186865
AGR-006767,217,48,2,53,3,42,8,619.676898471294,1.78321017301641
AGR-006779,171,24,1,15,1,36,6,516.242463076612,0.921893156680744
AGR-006795,169,48,3,53,3,35,6,533.131666878768,3.33332591394428
AGR-006808,111,12,4,53,3,28,2,432.475758827667,6.13311199154705
AGR-006816,186,48,4,53,3,40,6,661.429331217305,7.79757026368752
AGR-006831,265,24,5,76,4,50,11,796.058368729858,8.01632630331442
AGR-006846,88,24,4,53,3,24,1,335.433640064134,2.86435626139864
AGR-006862,204,36,2,15,1,45,6,862.522172817462,1.56227309305687
AGR-006871,215,24,1,15,1,43,8,657.486913237473,0.527949321083724
AGR-006878,98,12,3,53,3,25,2,323.594134827412,3.10118332125712
AGR-006895,134,24,4,53,3,33,3,559.024751308885,4.10556590398773
AGR-006907,173,48,2,53,3,38,6,619.567626881722,3.11468118182384
AGR-006919,169,24,1,15,1,38,5,640.433346275278,0.201832938508596
AGR-006934,127,24,1,38,2,32,3,565.753834887915,0.946762317139655
AGR-006946,152,36,2,38,2,35,4,595.636244216175,1.26953280890981
AGR-006961,221,12,6,76,4,46,8,807.795318788597,13.1010736187299
AGR-006973,97,36,0,38,2,25,2,365.003334883928,0.0666666666666667
AGR-006987,153,12,6,76,4,33,5,469.248512936329,4.72373188206305
AGR-006999,114,36,2,15,1,29,2,472.829033093011,1.44432434751652
AGR-007017,82,36,4,53,3,22,1,308.815275374013,3.14281360320747
AGR-007027,145,48,0,38,2,33,4,548.211666582362,0.0666666666666667
AGR-007033,172,12,6,76,4,36,6,545.270189656935,10.9233726109688
AGR-007038,137,12,2,15,1,32,4,496.000817443683,1.93346438480075
AGR-007046,129,48,1,53,3,31,3,509.772505606425,0.454937270190567
AGR-007059,95,12,3,53,3,25,2,373.783162481896,5.94302241848782
AGR-007078,179,12,2,15,1,38,6,584.273897810089,0.816422186000273
AGR-007092,297,36,6,76,4,56,12,918.773361316296,4.53573688597729
AGR-007098,172,12,6,76,4,40,5,745.480750698324,10.2908908439179
AGR-007114,122,12,6,76,4,26,5,267.275130937196,12.28976559372
AGR-007128,106,48,4,53,3,27,2,436.973319886478,7.82273970711976
AGR-007138,134,36,2,38,2,29,5,322.361993742492,2.56280115802462
AGR-007153,107,24,3,53,3,27,2,396.410990287305,4.91546443044208
AGR-007160,187,12,2,15,1,38,7,540.781823098897,0.742295785108581
AGR-007175,165,12,3,53,3,36,5,551.731679746158,0.932456610910595
AGR-007187,107,48,3,53,3,29,1,530.705919338978,1.58157497630455
AGR-007206,194,12,2,15,1,44,6,837.621099346043,0.210356037411839
AGR-007222,173,12,2,15,1,37,6,602.911515472981,1.25144043548498
AGR-007237,253,48,6,76,4,47,10,687.636535290806,3.277246842285
AGR-007243,171,48,0,38,2,38,5,663.245071926103,0.0666666666666667
AGR-007260,205,48,4,53,3,44,7,762.398721232589,1.62469216622412
AGR-007270,217,12,5,76,4,42,9,568.384284758215,12.3690066174914
AGR-007280,204,48,4,53,3,43,7,768.757260081393,2.45647108955309
AGR-007292,210,24,5,76,4,42,8,621.731071450125,7.67122707519059
AGR-007307,295,36,6,76,4,55,12,855.837308992696,10.7984747675558
AGR-007312,153,48,6,91,5,33,5,448.545856968551,4.80163163654506
AGR-007318,135,48,2,53,3,31,4,484.270645758734,3.52597370999865
AGR-007324,74,24,4,53,3,21,1,255.408708399136,2.73063862072304
AGR-007342,180,12,2,15,1,36,7,427.890197025364,1.1990698014386
AGR-007353,129,12,4,53,3,28,5,327.925413993316,7.13582490114495
AGR-007366,125,36,2,38,2,30,3,459.198473758137,1.83902725341419
AGR-007374,147,48,6,91,5,34,4,596.228635786233,10.4557813420892
AGR-007393,226,36,6,91,5,44,9,681.488410363132,2.07336266590282
AGR-007409,169,36,0,38,2,36,6,534.002750282621,0.0666666666666667
AGR-007415,121,12,4,53,3,30,3,499.770518644999,5.8089395089075
AGR-007426,143,24,3,53,3,33,4,529.697105831939,2.10685546747409
AGR-007445,139,36,5,91,5,34,3,613.957625197604,16.4925678121392
AGR-007456,200,36,0,38,2,41,7,667.446301870847,0.0666666666666667
AGR-007469,259,36,6,76,4,50,10,813.060381288834,4.14258803346505
AGR-007477,224,36,1,15,1,50,7,986.097188850681,0.458305245870724
AGR-007487,111,48,3,53,3,27,3,383.780956612337,2.17482968212571
AGR-007493,190,36,5,91,5,38,7,549.267746315212,18.2539016039111
AGR-007510,137,36,5,91,5,32,4,540.193367289347,9.11276767035015
AGR-007521,232,24,5,76,4,47,9,785.649172830084,11.387863769227
AGR-007527,134,48,0,53,3,32,3,535.020844284913,0.1
AGR-007541,195,48,3,53,3,42,6,712.048149987403,1.1831612376729
AGR-007552,211,12,2,15,1,46,7,887.992017084862,1.32365453839302
AGR-007569,155,48,6,91,5,36,4,653.400054611608,16.7994964140467
AGR-007576,111,36,2,15,1,27,3,396.569784313007,0.667620997573249
AGR-007591,103,24,3,53,3,27,2,412.788027246617,1.4613797244383
AGR-007604,147,36,1,38,2,34,4,583.965577831171,0.551746737056722
AGR-007613,70,36,2,38,2,21,0,304.225684524423,0.508610663718233
AGR-007627,102,48,0,38,2,26,2,380.634060171892,0.0666666666666667
AGR-007646,156,36,4,53,3,36,4,651.602652976193,7.58963438440114
AGR-007662,187,36,4,53,3,41,6,722.649016355619,6.44731474481523
AGR-007679,225,48,6,91,5,45,8,697.749750357634,11.7002454055473
AGR-007698,202,36,4,53,3,41,7,598.580135035091,1.34208053722978
AGR-007709,152,12,4,53,3,33,5,462.356420889139,7.25395200960338
AGR-007726,103,48,0,38,2,25,3,312.986183427898,0.0666666666666667
AGR-007732,129,12,3,53,3,31,3,491.458921491983,1.52168455258943
AGR-007738,99,12,2,38,2,25,2,370.360430649582,1.72056347271428
AGR-007748,183,48,1,53,3,39,6,628.523918878208,0.275920129125007
AGR-007761,216,12,2,15,1,42,8,618.783156694775,1.05014776899479
AGR-007771,149,24,3,53,3,34,4,541.730637306726,4.82870019059628
AGR-007780,115,48,2,53,3,26,4,281.142886225437,2.50336506101303
AGR-007788,187,24,6,76,4,36,7,427.226248723663,5.82760773928215
AGR-007800,72,12,4,53,3,22,0,341.329410546378,8.04975182898343
AGR-007817,82,36,4,53,3,22,2,256.941964633778,4.27164718694985
AGR-007824,94,36,2,38,2,24,2,346.197065368967,1.92633588537574
AGR-007842,289,24,6,76,4,53,12,779.594775335908,12.1497573630263
AGR-007852,234,36,5,91,5,46,9,703.737681450034,18.4446461000945
AGR-007871,188,48,2,53,3,40,6,663.448705330008,1.9776208689902
AGR-007888,181,12,2,15,1,41,5,773.780448886974,1.57143593605142
AGR-007899,136,36,2,38,2,33,3,590.052565535802,2.11144531378523
AGR-007914,293,36,6,76,4,57,12,1002.44499807495,7.70279813160499
AGR-007931,191,36,4,53,3,39,7,608.872225359126,3.28445799807087
AGR-007941,229,12,2,15,1,47,8,790.877354139104,0.300284297694452
AGR-007946,200,12,5,76,4,40,7,597.150369426754,3.39913836450626
AGR-007952,191,12,4,53,3,40,7,650.961416203389,7.22600622875616
AGR-007960,111,12,2,15,1,29,2,479.628355174593,1.89215125455521
AGR-007968,207,12,4,53,3,42,8,647.60765267343,5.19348909640685
AGR-007983,186,36,0,38,2,39,7,582.158941290625,0.0666666666666667
AGR-007990,147,12,2,38,2,34,4,593.116856521545,1.91224601569896
AGR-007998,228,12,2,15,1,47,8,796.472186900618,0.929797352966853
AGR-008016,226,12,2,15,1,47,8,822.080403235864,1.42173704674933
AGR-008025,264,48,5,76,4,54,10,983.095765846202,12.3285591655411
AGR-008040,79,12,3,53,3,22,1,303.718152330963,2.76478991415352
AGR-008052,141,12,2,38,2,29,5,319.112468686269,0.587477467550586
AGR-008058,105,48,3,53,3,27,2,426.614532149781,2.55160020201001
AGR-008068,104,12,2,38,2,25,3,313.640962987,1.38000197814157
AGR-008082,203,12,2,15,1,43,7,725.285286725105,0.614114441978745
AGR-008087,238,12,6,76,4,49,9,863.083280716464,2.73026755948861
AGR-008102,202,24,5,76,4,42,7,677.438485745061,0.904909824517866
AGR-008113,112,48,4,53,3,28,3,415.49875447314,5.44660362144932
AGR-008124,154,48,0,38,2,36,4,623.331380903532,0.0666666666666667
AGR-008134,226,36,6,91,5,47,8,831.745663928604,4.36649045059457
AGR-008150,205,36,1,15,1,45,7,821.242993328191,1.01265536472201
AGR-008162,121,12,4,53,3,28,4,378.506845862765,2.47274383800104
AGR-008168,233,48,6,91,5,45,9,667.002664828225,1.6067185039632
AGR-008180,108,48,2,53,3,27,2,409.838393886815,4.07290839133784
AGR-008197,72,48,0,53,3,21,1,295.628925281799,0.1
AGR-008214,285,48,6,76,4,54,12,859.894505532811,11.9455026031782
AGR-008221,203,12,2,15,1,44,7,780.909641125926,1.50713577782735
AGR-008233,125,12,3,53,3,30,3,447.125355413704,5.10263781603426
AGR-008249,195,12,4,53,3,42,6,758.447463885939,1.62666140049696
AGR-008261,101,36,2,15,1,25,2,328.616785378101,1.43250659860205
AGR-008270,271,36,5,76,4,53,10,911.155020264153,11.5270562072905
AGR-008282,214,36,0,15,1,43,8,661.254904087413,0.05
AGR-008297,89,48,1,53,3,23,2,287.927613885291,0.777777053485624
AGR-008315,160,36,1,15,1,36,5,626.190136369707,0.238125144492369
AGR-008331,151,12,2,15,1,35,4,579.951865195265,1.13617019276135
AGR-008350,216,48,2,53,3,42,8,582.410967314354,3.46217880919576
AGR-008363,191,36,4,53,3,41,6,696.451850760581,7.47810346083716
AGR-008368,113,12,2,15,1,28,3,409.15507179274,0.811397339170799
AGR-008377,244,36,5,91,5,46,10,653.550856858974,7.52109741121531
AGR-008388,175,24,6,76,4,38,6,614.384611529325,13.68411179812
AGR-008397,255,48,5,76,4,51,9,913.66062810714,6.45236814521874
AGR-008413,105,12,2,38,2,27,2,396.923193098011,1.95963702856873
AGR-008422,151,48,4,53,3,36,4,635.166230038157,7.36136228088289
AGR-008436,231,48,6,91,5,48,8,862.866086376268,2.07201184984297
AGR-008446,122,36,2,38,2,28,4,347.884704137735,1.39524621963501
AGR-008461,165,12,4,53,3,39,4,731.748853147696,3.60756562855095
AGR-008480,133,12,2,15,1,32,3,531.194097019969,0.790186518151313
AGR-008499,131,12,2,15,1,31,3,530.246435982712,1.41022354301531
AGR-008508,140,12,2,15,1,34,3,606.641082423875,1.8089581111446
AGR-008525,70,36,0,38,2,20,1,242.125387165049,0.0666666666666667
AGR-008542,119,48,6,91,5,29,3,430.63375980137,9.02987404381856
AGR-008557,136,12,2,15,1,30,5,383.533883410027,1.92412286656909
AGR-008564,273,24,5,76,4,55,10,995.296780302826,12.4355112143792
AGR-008571,102,36,1,15,1,26,2,390.975108051833,0.752415555168409
AGR-008583,137,36,2,38,2,31,4,459.902047848991,1.1716437314637
AGR-008594,146,12,5,76,4,33,4,553.969214757238,0.913774119721105
AGR-008613,238,36,6,91,5,50,8,930.997302317265,17.8146039280109
AGR-008619,195,36,5,91,5,42,7,722.44867680777,10.3376056752633
AGR-008626,123,36,1,38,2,30,3,470.913421095324,0.138048863116031
AGR-008631,176,24,6,76,4,39,5,694.897206358107,9.62943091442188
AGR-008648,148,36,5,91,5,36,3,697.677665567258,2.73244572877884
AGR-008662,205,48,2,53,3,44,7,768.674415796952,1.74358476656489
AGR-008676,86,48,0,38,2,23,2,287.262835220657,0.0666666666666667
AGR-008694,222,12,5,76,4,47,8,845.131427380038,2.0345879029793
AGR-008713,196,12,2,15,1,43,6,807.111212591631,1.67801055619493
AGR-008724,75,48,1,53,3,22,1,333.757380916738,0.360036210203543
AGR-008739,199,24,3,53,3,40,7,594.302670024743,5.39993961015716
AGR-008745,187,48,0,38,2,38,7,528.016931233858,0.0666666666666667
AGR-008751,189,48,1,53,3,40,6,647.377410006255,1.35872140189167
AGR-008756,201,48,5,91,5,39,8,545.331786282543,14.2118285340723
AGR-008774,141,36,2,15,1,33,4,535.932190360857,1.0897306912113
AGR-008788,291,24,6,76,4,58,11,1100.30489998836,5.12836645872643
AGR-008807,116,48,6,91,5,29,3,468.854637273531,1.48484149510041
AGR-008818,126,24,3,53,3,29,4,398.025271905708,4.18722975989804
AGR-008827,195,12,2,15,1,40,7,626.484434740078,1.1917301309295
AGR-008836,109,12,2,38,2,29,1,522.85908353963,1.70995187200606
AGR-008841,124,12,2,15,1,27,4,312.635750670354,0.735857979138382
AGR-008850,226,12,2,15,1,45,9,710.925309341283,1.85484972947743
AGR-008859,219,24,4,53,3,44,8,725.120491464751,7.46279376978055
AGR-008872,79,24,4,53,3,23,0,357.710447733184,7.88484810022637
AGR-008890,229,48,5,91,5,45,9,686.492646749968,7.70514782243408
AGR-008901,108,48,1,53,3,27,3,393.566081092228,1.96401481747162
AGR-008918,110,36,3,53,3,27,3,394.320325964471,5.63620527582243
AGR-008932,286,48,6,76,4,56,11,986.551180026824,11.4433176084732
AGR-008939,266,36,6,76,4,49,11,693.155503040768,12.6361761394267
AGR-008955,129,48,1,53,3,33,2,603.080003754013,1.344173542317
AGR-008960,256,48,6,76,4,50,10,803.137148350283,12.6270199719196
AGR-008968,146,48,1,53,3,33,4,497.559457362203,0.386167857679538
AGR-008978,226,36,4,53,3,45,9,698.527340066024,2.26131819440052
AGR-008983,156,36,0,15,1,34,5,515.090321718133,0.05
AGR-009002,224,48,2,53,3,45,8,749.737182246203,0.409523453656584
AGR-009020,204,12,2,15,1,42,7,644.051365030126,1.34917049712967
AGR-009037,138,12,2,15,1,32,4,541.72669790266,1.42709978339262
AGR-009052,155,12,2,15,1,34,5,560.217890977245,1.01048289444298
AGR-009057,205,12,2,15,1,39,8,473.911870575448,1.43420772512909
AGR-009070,102,12,4,53,3,25,3,332.88591003804,0.571389164403081
AGR-009077,226,48,5,91,5,45,9,688.488089642489,2.40612725522369
AGR-009095,222,48,0,53,3,49,7,1009.33328194004,0.1
AGR-009102,194,36,2,38,2,41,7,709.52349034519,1.38531358987093
AGR-009117,208,48,4,53,3,41,8,577.211878407692,6.40107519468293
AGR-009126,136,48,1,53,3,34,3,609.346590594308,0.897156105143949
AGR-009137,153,12,3,53,3,35,4,569.145291736093,5.53410440895241
AGR-009155,174,36,1,38,2,40,5,779.911800754032,0.793780001113191
AGR-009160,80,48,0,38,2,22,1,301.496963939083,0.0666666666666667
AGR-009166,142,12,4,53,3,33,4,555.186909300154,2.35883334074169
AGR-009171,144,24,3,53,3,31,5,431.746379183195,3.75805981731974
AGR-009179,152,48,0,38,2,35,4,594.141200849851,0.0666666666666667
AGR-009188,145,12,5,76,4,32,5,450.572415664767,9.73523555605983
AGR-009193,168,12,2,15,1,36,6,518.447051312394,0.370477469125763
AGR-009208,207,48,0,38,2,45,7,852.122302850236,0.0666666666666667
AGR-009223,70,48,1,53,3,21,1,263.057480458014,1.80753896629903
AGR-009233,196,36,0,15,1,39,7,546.947515350582,0.05
AGR-009251,210,48,4,53,3,45,7,804.276752851994,2.90286941928789
AGR-009267,232,36,5,91,5,45,9,674.654316051318,16.0237252896652
AGR-009286,129,48,1,53,3,31,3,522.819383992721,0.684100852534175
AGR-009294,187,12,6,76,4,43,5,837.023474575125,13.7043756014978
AGR-009303,171,24,2,15,1,40,5,753.234749436299,1.57764659274835
AGR-009312,154,48,3,53,3,35,5,577.243898050885,2.16005891878158
AGR-009323,199,24,2,15,1,41,7,681.482275637183,1.02028916461859
AGR-009330,254,12,6,76,4,52,9,926.021676396199,7.23978315213074
AGR-009343,160,24,2,15,1,37,4,658.824851220218,0.76753044880461
AGR-009350,214,24,2,15,1,45,7,817.897386084417,0.40767143657431
AGR-009365,269,48,6,76,4,54,10,989.799998237818,14.7670199998965
AGR-009382,141,48,2,53,3,32,4,459.921174926048,0.871462488779798
AGR-009388,137,12,3,53,3,29,5,331.243981235745,5.17616078471765
AGR-009407,108,48,1,53,3,27,2,431.947159786455,1.23411945819389
AGR-009426,230,24,2,15,1,45,9,675.358550288058,0.37031022273004
AGR-009445,167,24,2,15,1,38,5,693.107569450859,0.23403575271368
AGR-009459,125,36,4,53,3,30,3,466.457098526368,2.64847039598972
AGR-009472,270,12,6,76,4,55,10,1027.17940838806,14.3285422717532
AGR-009482,103,24,6,76,4,27,2,424.537371056716,13.6549421956142
AGR-009490,134,24,2,15,1,30,4,391.607948981384,0.259747466025874
AGR-009497,194,24,2,15,1,42,6,738.531520878657,0.242569921840914
AGR-009507,215,36,6,91,5,45,7,814.068932685388,8.61930836075917
AGR-009514,294,48,6,76,4,57,12,1007.18014633827,2.93110162441929
AGR-009522,229,12,6,76,4,44,9,647.967812303419,1.4746423571681
AGR-009533,193,12,5,76,4,43,6,784.478026695372,2.33057260795807
AGR-009544,189,48,4,53,3,37,7,486.322749221746,4.8159079246223
AGR-009553,166,12,3,53,3,38,5,693.037315173544,1.12584262178279
AGR-009571,87,24,3,53,3,25,1,389.469082275981,4.72089841237757
AGR-009589,197,24,2,15,1,41,7,644.921472173335,0.338909565727226
AGR-009608,129,24,2,38,2,32,3,589.661336094363,0.782499658223242
AGR-009621,155,24,4,53,3,35,5,564.451059087087,3.87155916132033
AGR-009634,192,12,5,76,4,39,7,608.298869335956,7.33226212598383
AGR-009642,158,36,3,38,2,36,4,626.552615278014,3.78126480073358
AGR-009655,137,24,4,53,3,32,4,490.428448346605,0.837871955893934
AGR-009667,154,24,6,76,4,32,6,380.599562112029,3.20051334903886
AGR-009676,120,12,6,76,4,29,3,416.46920285667,13.8255763697748
AGR-009683,285,48,6,76,4,51,12,693.817466276446,3.25826312930634
AGR-009695,214,24,2,15,1,43,8,653.602096170915,1.71743691766169
AGR-009712,230,24,5,76,4,46,9,717.852922280687,11.7337668487181
AGR-009726,175,24,5,76,4,40,5,729.782701607969,9.08854302503168
AGR-009737,135,24,2,15,1,30,4,396.567045057189,0.191816342994571
AGR-009749,157,36,3,53,3,35,5,564.079038564139,6.0882753809914
AGR-009755,139,24,6,76,4,32,4,514.774460135123,3.17757390414675
AGR-009762,119,48,2,53,3,28,3,389.843649011726,0.613719281647354
AGR-009770,168,48,0,38,2,36,6,521.483618779203,0.0666666666666667
AGR-009778,184,12,5,76,4,40,6,709.255503224433,5.15816182863588
AGR-009790,83,12,4,53,3,23,1,336.722334000664,6.03740566959605
AGR-009801,264,36,5,76,4,52,10,909.109824505252,5.1199614014787
AGR-009807,205,12,3,53,3,43,7,704.137510652013,5.30673278046306
AGR-009824,224,36,6,91,5,49,7,930.055035737586,10.6846944321878
AGR-009842,198,48,3,53,3,43,6,755.714146024542,3.64079468769487
AGR-009853,177,12,4,53,3,38,6,568.298855606558,7.35178258577362
AGR-009858,210,36,6,91,5,43,8,687.46357538802,22.7240325927734
AGR-009874,167,36,1,15,1,36,5,559.103402099772,0.904840062116273
AGR-009891,109,24,2,38,2,28,2,478.165869734646,1.24885814528291
AGR-009900,230,24,2,15,1,46,9,729.138252312072,0.810125412419438
AGR-009912,96,24,3,53,3,24,2,319.601510344906,3.00432083143387
AGR-009931,229,24,2,15,1,47,8,816.065580010414,1.86717169710901
AGR-009950,248,24,6,76,4,51,9,940.418538708824,6.40955469900121
AGR-009955,214,12,6,76,4,45,7,770.158383366673,9.73640152545025
AGR-009970,120,36,0,15,1,30,2,503.732239847849,0.05
AGR-009976,193,24,2,15,1,41,7,662.858709937234,1.50562529286835
AGR-009994,174,24,3,53,3,35,7,437.853109486062,0.525743398070335
AGR-010011,176,24,6,91,5,38,6,642.638880806006,12.7294701287523
AGR-010021,121,36,1,15,1,30,2,500.79690592169,0.518477660045028
AGR-010033,92,48,0,38,2,25,1,379.893857321427,0.0666666666666667
AGR-010045,128,24,4,53,3,30,4,430.294759829122,1.83470328953117
AGR-010059,188,24,2,15,1,41,6,717.455129057937,1.22081511134747
AGR-010074,133,24,2,38,2,33,3,563.951103750806,1.74445261753475
AGR-010079,74,36,0,38,2,23,0,385.20431515574,0.0666666666666667
AGR-010095,163,24,5,91,5,38,5,655.76919903872,16.2667911323253
AGR-010105,208,12,3,53,3,43,7,729.173972194934,2.37474279080052
AGR-010112,147,24,2,38,2,34,4,588.719988592596,1.04487467889364
AGR-010126,121,48,3,53,3,31,2,547.64745860296,6.02858633138239
AGR-010144,138,48,1,53,3,33,3,553.72585581214,1.56125651681796
AGR-010162,192,12,6,91,5,41,6,706.990511703883,10.7716401630081
AGR-010172,214,36,4,53,3,46,7,816.744610108572,4.8338495042175
AGR-010182,171,48,5,91,5,35,6,447.274057474184,3.19404254276305
AGR-010191,209,48,1,53,3,43,8,684.259149028613,1.84781019054353
AGR-010197,78,48,0,76,4,24,0,374.418837715871,0.133333333333333
AGR-010207,208,24,2,15,1,44,7,771.96119475718,0.679276594077237
AGR-010216,99,12,3,53,3,25,2,347.058085773435,3.03921821047552
AGR-010228,295,12,5,76,4,56,12,915.199930891974,1.3204081350627
AGR-010246,175,48,5,91,5,36,6,512.628232377055,17.812591401441
AGR-010263,171,24,2,15,1,39,5,737.128757598517,1.56234267340042
AGR-010270,229,24,5,76,4,43,9,556.40781062334,1.72001572437584
AGR-010275,79,48,2,53,3,24,0,392.237963864192,1.91866706702858
AGR-010283,206,36,5,91,5,40,8,548.04114719895,10.9997078795452
AGR-010296,181,48,5,91,5,41,5,762.98347194054,15.2353868717793
AGR-010311,107,12,6,76,4,29,1,539.10523419173,5.00724276335289
AGR-010319,86,12,3,53,3,24,1,343.338252533381,3.17760593718849
AGR-010328,177,24,4,53,3,38,6,615.108091694096,7.81420483859256
AGR-010337,106,12,5,91,5,27,2,373.70375590823,17.1958178533707
AGR-010346,124,48,4,53,3,31,3,534.300438084086,2.53762248139828
AGR-010362,298,48,6,76,4,61,11,1192.29004340126,4.89657672637453
AGR-010372,135,24,2,38,2,31,4,475.186564969995,2.51390912340333
AGR-010390,158,48,3,53,3,34,5,477.081889876084,3.81491134152748
AGR-010402,212,48,3,53,3,46,7,829.435434241811,0.762909670593217
AGR-010415,103,24,6,76,4,26,2,398.663040247794,11.8373015896728
AGR-010430,219,24,2,15,1,45,8,721.185300569649,1.56007355977781
AGR-010446,223,24,2,15,1,46,8,777.316781474797,0.649143247609027
AGR-010465,212,24,2,15,1,43,8,663.468781367607,1.15704303504899
AGR-010470,163,24,4,53,3,36,5,567.056559500809,6.61310471110046
AGR-010487,100,48,0,38,2,28,0,515.612492639201,0.0666666666666667
AGR-010498,182,24,2,15,1,40,6,699.162455545483,1.7942499894416
AGR-010517,147,48,3,53,3,33,5,497.768148248439,0.664457087637856
AGR-010535,104,36,0,15,1,27,2,430.038899491817,0.05
AGR-010553,192,36,1,38,2,39,7,549.140828335456,1.32322706932512
AGR-010562,193,24,3,53,3,38,7,522.820369388227,1.77747586225159
AGR-010569,149,48,5,91,5,32,5,469.586124806435,18.2944318808615
AGR-010578,164,24,2,15,1,35,6,521.079446289256,1.12156141682062
AGR-010592,186,24,2,15,1,39,6,623.034840167563,1.4741767608095
AGR-010611,105,12,4,53,3,25,3,308.952566694057,7.77362066227943
AGR-010620,165,36,2,15,1,36,5,593.841370031054,0.252918019960634
AGR-010627,117,24,2,38,2,29,3,468.922488862803,0.52831418622906
AGR-010632,177,48,5,91,5,40,5,723.871738520034,15.7958854728378
AGR-010642,113,24,4,53,3,27,3,348.295255284793,7.04599356902763
AGR-010655,132,48,5,91,5,31,4,494.387771328499,15.029579755431
AGR-010664,197,24,3,53,3,42,7,723.372365457334,5.55396370787639
AGR-010681,273,12,5,76,4,54,11,926.624473450824,10.1924782682831
AGR-010693,147,48,3,53,3,31,5,361.510547322828,1.32061577239074
AGR-010710,121,48,5,91,5,32,2,589.730841090345,10.3665424488019
AGR-010720,213,24,2,15,1,45,7,821.518225167034,0.929093853919767
AGR-010739,112,48,5,91,5,28,3,423.032480510336,10.0522380122449
AGR-010744,120,48,2,53,3,28,3,401.787848216486,1.9852969486732
AGR-010758,166,24,2,15,1,37,5,630.928925306676,0.20039598683361
AGR-010775,196,48,0,38,2,44,6,830.68565528363,0.0666666666666667
AGR-010790,204,24,2,15,1,45,6,855.471235198716,0.892108923895285
